abbr,month,historical,midcentury,change,month_name
CP,1,1.1142623095164832,1.116331569640492,0.002069260124008876,Jan
CP,2,1.1144447047010217,1.1163159943569156,0.001871289655893893,Feb
CP,3,1.1142869398815212,1.114912222816144,0.0006252829346229394,Mar
CP,4,1.115049897093077,1.116260288213706,0.0012103911206291507,Apr
CP,5,1.1260649432368826,1.1396425336359655,0.013577590399082906,May
CP,6,1.1575602967811565,1.2012518310870481,0.04369153430589168,Jun
CP,7,1.2162205615738333,1.247931776267975,0.03171121469414162,Jul
CP,8,1.2091646313367315,1.2512817242032497,0.04211709286651821,Aug
CP,9,1.1415012381323013,1.1916949104570662,0.050193672324764904,Sep
CP,10,1.117868782526534,1.1257212459217816,0.007852463395247478,Oct
CP,11,1.1150621411609007,1.117787151571378,0.0027250104104772355,Nov
CP,12,1.1143051632391296,1.1153670405693867,0.0010618773302570883,Dec
WV,1,1.1146719065262642,1.1188459503891497,0.004174043862885446,Jan
WV,2,1.1165901862817378,1.1238863714337768,0.007296185152039003,Feb
WV,3,1.1155864428410527,1.1184507429980186,0.0028643001569659265,Mar
WV,4,1.1170015695907076,1.1196151747644711,0.0026136051737635224,Apr
WV,5,1.1241201579591464,1.1331477928960556,0.009027634936909168,May
WV,6,1.1343319745452767,1.1649187546673996,0.030586780122122903,Jun
WV,7,1.1594522188622631,1.2202142093179524,0.06076199045568931,Jul
WV,8,1.1594137771579285,1.2254933747387646,0.06607959758083615,Aug
WV,9,1.1363917188752282,1.176184498416299,0.039792779541070855,Sep
WV,10,1.1343291294635471,1.1465007445261968,0.012171615062649632,Oct
WV,11,1.122621019602941,1.1372139423863932,0.014592922783452256,Nov
WV,12,1.115141654233214,1.1195948385963097,0.004453184363095719,Dec
