ecoregion,n_facilities,hist_exceedance_days,hist_wetbulb_C,period,d_exceedance,d_exceedance_p25,d_exceedance_p75,d_pue,d_pue_p25,d_pue_p75,d_wue,d_wue_p25,d_wue_p75
Eastern Cascades Slopes and Foothills,1,1.3,6.8,2045–2074,15.3,11.3,15.4,0.011,0.008,0.011,0.13,0.1,0.14
Eastern Cascades Slopes and Foothills,1,1.3,6.8,2075–2100,33.1,25.3,40.6,0.019,0.015,0.022,0.23,0.19,0.28
Blue Mountains,13,7.8,8.1,2045–2074,24.5,18.6,27.6,0.011,0.009,0.013,0.13,0.11,0.16
Blue Mountains,13,7.8,8.1,2075–2100,42.1,32.6,53.4,0.018,0.015,0.022,0.23,0.18,0.27
Columbia Plateau,61,19.2,10.2,2045–2074,30.4,24.9,34.3,0.017,0.014,0.019,0.21,0.17,0.24
Columbia Plateau,61,19.2,10.2,2075–2100,48.9,39.9,59.6,0.025,0.022,0.029,0.31,0.27,0.35
Klamath Mountains,1,17.6,11.2,2045–2074,26.0,21.4,30.1,0.019,0.015,0.021,0.24,0.2,0.27
Klamath Mountains,1,17.6,11.2,2075–2100,44.5,37.3,51.8,0.03,0.025,0.034,0.38,0.32,0.43
Willamette Valley,33,4.1,11.5,2045–2074,10.9,8.8,11.8,0.021,0.017,0.025,0.27,0.21,0.31
Willamette Valley,33,4.1,11.5,2075–2100,22.5,17.0,28.7,0.037,0.03,0.043,0.47,0.38,0.54
