case,ecoregion,n_facilities,hist_exceedance_days,hist_wetbulb_C,period,d_exceedance,d_exceedance_p25,d_exceedance_p75,d_pue,d_pue_p25,d_pue_p75,d_wue,d_wue_p25,d_wue_p75
Case 2,Eastern Cascades Slopes and Foothills,1,1.3,6.8,2045–2074,15.3,11.3,15.4,0.0,0.0,0.0,0.0,0.0,0.0
Case 2,Eastern Cascades Slopes and Foothills,1,1.3,6.8,2075–2100,33.1,25.3,40.6,0.0,0.0,0.0,0.0,0.0,0.01
Case 2,Blue Mountains,13,7.8,8.1,2045–2074,24.5,18.6,27.6,0.0,0.0,0.0,0.0,0.0,0.0
Case 2,Blue Mountains,13,7.8,8.1,2075–2100,42.1,32.6,53.4,0.001,0.0,0.001,0.0,0.0,0.01
Case 2,Columbia Plateau,61,19.2,10.2,2045–2074,30.4,24.9,34.3,0.001,0.001,0.001,0.0,0.0,0.0
Case 2,Columbia Plateau,61,19.2,10.2,2075–2100,48.9,39.9,59.6,0.003,0.002,0.004,0.0,0.0,0.01
Case 2,Klamath Mountains,1,17.6,11.2,2045–2074,26.0,21.4,30.1,0.002,0.001,0.002,0.0,0.0,0.0
Case 2,Klamath Mountains,1,17.6,11.2,2075–2100,44.5,37.3,51.8,0.004,0.003,0.004,0.0,0.0,0.01
Case 2,Willamette Valley,33,4.1,11.5,2045–2074,10.9,8.8,11.8,0.003,0.002,0.003,0.0,0.0,0.0
Case 2,Willamette Valley,33,4.1,11.5,2075–2100,22.5,17.0,28.7,0.005,0.004,0.006,0.0,0.0,0.01
Case 5,Eastern Cascades Slopes and Foothills,1,1.3,6.8,2045–2074,15.3,11.3,15.4,0.006,0.005,0.007,0.01,0.01,0.02
Case 5,Eastern Cascades Slopes and Foothills,1,1.3,6.8,2075–2100,33.1,25.3,40.6,0.01,0.008,0.012,0.02,0.02,0.03
Case 5,Blue Mountains,13,7.8,8.1,2045–2074,24.5,18.6,27.6,0.006,0.005,0.007,0.02,0.01,0.02
Case 5,Blue Mountains,13,7.8,8.1,2075–2100,42.1,32.6,53.4,0.01,0.008,0.013,0.02,0.02,0.03
Case 5,Columbia Plateau,61,19.2,10.2,2045–2074,30.4,24.9,34.3,0.007,0.006,0.008,0.02,0.01,0.02
Case 5,Columbia Plateau,61,19.2,10.2,2075–2100,48.9,39.9,59.6,0.011,0.009,0.013,0.03,0.02,0.03
Case 5,Klamath Mountains,1,17.6,11.2,2045–2074,26.0,21.4,30.1,0.007,0.006,0.008,0.02,0.01,0.02
Case 5,Klamath Mountains,1,17.6,11.2,2075–2100,44.5,37.3,51.8,0.011,0.009,0.014,0.03,0.02,0.03
Case 5,Willamette Valley,33,4.1,11.5,2045–2074,10.9,8.8,11.8,0.007,0.006,0.008,0.02,0.01,0.02
Case 5,Willamette Valley,33,4.1,11.5,2075–2100,22.5,17.0,28.7,0.012,0.01,0.014,0.03,0.02,0.03
