id,area,finding,evidence,type,severity,needs_server,fix_cost
A1,data,No sanity-check warnings in the 2026-10-08 rerun logs; logs from the original 2026-09-10 run were not kept,outputs/audit_part_a.log; A7 reproduce check covers the Case 2 files from that run,ok,low,no,none
A2,data,"Raw LOCA2 and humidity values match the daily CSVs (80 values, max diff 7e-6): units, grid cell, longitude convention, dates and hursmax/hursmin order are right",outputs/audit_part_a/a2_raw_inputs.csv,ok,low,no,none
A3a,data,"All 20 models use a standard calendar (365/366 days, 29 Feb present); period years correct; no tasmin > tasmax, no RH outside 0-100%, no missing values; weather identical across the three cases",outputs/audit_part_a/a3_consistency.csv,ok,low,no,none
A3b,data,"hursmin exceeds hursmax on 0.19% of facility-days (up to 0.6% in some model-periods, more often in later periods); present in the source data, which downscales the two variables separately",a3_consistency.csv; A2 shows CSV = raw file,undocumented,low,no,text only (one sentence)
A4,data,"Temperature and humidity time axes identical for all 60 model-periods (the runner pairs them by position); same grid cells; every humidity cache matches its raw file",outputs/audit_part_a/a4_grids_time_axes.csv,ok,low,no,none
A5,data,All 240 source files come from the expected scenario (historical / ssp370) and the manifest member,outputs/audit_part_a/a5_source_files.csv,ok,low,no,none
A6,model,"Fast backend vs CoolProp on real Oregon weather (ACCESS-CM2 historical, same parameters): facility-period PUE within 0.0003 (Case 1), 0.0019 (Case 5, about 0.1%), 0.0005 (Case 2); WUE within 0.0003",outputs/audit_part_a/a6_fast_vs_coolprop.csv,ok,low,no,none
A7a,model,"Chiller COP is extrapolated for most cold pairings: Twb + approach falls below the GP's training range (15.6-29.4 C) for 52% of historical afternoon and 85% of night pairings (37% and 68% at end-century), above it for under 1%. Below the range the GP keeps raising COP linearly (about 10 at -10 C wet-bulb), whereas real chillers stop gaining below a minimum condenser-water temperature. Inherited from the source papers, which use the same unbounded GP",outputs/audit_part_a/a7_out_of_range_share.csv; a7_cop_curve.csv,undocumented,medium,no,text only (or see A7b)
A7b,model,"Case 5 (chiller only) PUE change is roughly half extrapolation: clamping the COP inputs to the training range cuts the mid-century Case 5 PUE change by 46-69% (CP 0.0084 -> 0.0046, WV 0.0090 -> 0.0049; ACCESS-CM2) and the WUE change by about a third to a half. This also explains Case 5's nonzero winter change in Figure 4. Case 1 and Case 2 are unaffected (< 0.00003), because they use free cooling when it is cold",outputs/audit_part_a/a7_clamp_effect.csv,undocumented,high,yes,"decision: document as an inherited limitation, or clamp COP to the training range and rerun Case 5 (~40 min; Cases 1-2 optional, effect < 0.00003)"
A7c,model,The current code reproduces every saved daily file it was tested on (Cases 1/2/5; ACCESS-CM2 and MPI-ESM1-2-HR; historical and mid-century) to 1e-8,a7 log,ok,low,no,none
A8,data,"Facility elevation 73-1199 m, pressure 87.7-100.5 kPa; elevation in metres on the 1/16 deg LOCA grid; every facility is within 3.9 km of its cell centre (half-diagonal of a cell is about 4.3 km), consistent with nearest-cell sampling",outputs/audit_part_a/a8_elevation_pressure.csv,ok,low,no,none
A9,data,"Heat and PUE/WUE runs use the same 20 models and members; exceedance threshold 35 C applied as strictly greater than; CDD base 18.3 C on (Tmax + Tmin)/2",outputs/audit_part_a/a9_heat_ensemble.csv; heat_indices.py,ok,low,no,none
B1,model,"All 92 equipment parameters are Table B.1 midpoints after the 2026-10-08 correction; units match what the reference code expects (Pa, fractions, RH in %), confirmed against the authors' demo inputs",cooling_archetypes.py Case1/2/5Config; 2022 paper pp. 8-9; reference demo.ipynb,ok,low,no,none
B2a,model,Case 1 and Case 5 ports reproduce the authors' reference code (with the documented Case 1 index correction) to 1e-14 on a grid of 168 conditions with the real COP model,run against github.com/nuoaleon/Data-Center-Water-footprint simulation_funs_DC.py,ok,low,no,none
B2b,model,"Case 2 port bug: cooling-tower pump flow uses the bare heat load Q instead of CT_heat_removed (the reference uses Q only for the tower's air and water terms). Case 2 PUE is understated by about 0.0005 plus up to 0.0035 when the chiller runs at full load; the Case 2 PUE change is understated by about 1.4%",cooling_archetypes.py ~line 746 (m_ct = q / ...); fast module same; reference PUE_WUE_Chiller_Watereconomier,bug,low,yes,one-line fix in both modules + Case 2 rerun (~40 min) + rebuild; or document
B2c,model,"Inherited reference quirk: in Case 2 the cooling tower's evaporation, drift, blowdown and fan air flow are computed from the IT-side heat load Q, not the heat actually rejected (Q plus latent plus chiller power). Ported faithfully, so Case 2 WUE matches the reference, but Case 2 tower water use is likely understated relative to Cases 1 and 5",reference PUE_WUE_Chiller_Watereconomier vs PUE_WUE_Chiller,undocumented,low,no,text only
B2d,model,"Port uses the midpoint of the supply-air humidity range where the reference draws it at random (Cases 2 and 5), and the reference draws it separately for d_sa and H_sa; deterministic choice is reasonable and documented in code",cooling_archetypes._chiller_system docstring,undocumented,low,no,text only (optional)
B3,model,"Case 1 index correction verified: T_sa, H_sa, H_cd and d_sa now read positions 5, 6, 8 and 9 of Air_side_economizer's documented return order, and the corrected reference reproduces the port exactly",B2a test,ok,low,no,none
B4,model,"Fast psychrometrics vs CoolProp over -15 to 42 C, 5-100% RH, 88-100 kPa: humidity ratio, enthalpy, specific volume within about 0.1%; wet-bulb within 0.21 C where Twb > 5 C (0.69 C worst, cold and very dry); the inaccurate dewpoint function is unused; pressure formula matches the standard barometric formula exactly",local test,ok,low,no,none
B5,model,"The source papers run the model on hourly typical-meteorological-year weather and average 8760 hourly values; this chapter uses two daily pairings (Tmax with RHmin, Tmin with RHmax) because LOCA2 is daily. methodology.md describes the pairing but not that it approximates the papers' hourly method",2022 paper section 3.2 and Eqs. 12-13; methodology.md Shared methods,undocumented,medium,no,text only
B6,figure,Figure wet-bulb uses the model's own _wetbulb_from_rh at the runner's elevation-adjusted pressure,fig_show_everything.py _read_one_file and _facility_table,ok,low,no,none
B7,text,The chapter (methodology.md) does not use pue.py or cite the 2020 model's validation; no Table A.1 check needed,methodology.md,ok,low,no,none
C1,aggregation,"Table 1 Case 1 mid-century PUE change re-derived from the independently written facility_period_summary.csv matches to 4 decimals for all ecoregions, including the IQR",local re-derivation,ok,low,no,none
C2,aggregation,Pooled all-days period means and annual-then-period means differ by at most 2.6e-6 (leap days),local comparison,ok,low,no,none
C3a,data,"The 109 'facilities' are 109 atlas records: 100 buildings, 6 campuses and 3 points. The Meta and Apple Prineville campuses are listed alongside their individual buildings (7 and 3 unnamed buildings within 1.5 km), and the two Google campuses at The Dalles each have a listed Google building beside them, so some sites are counted more than once. Values barely change (duplicates share grid cells) but the n counts in captions and Table 1 overstate distinct sites, especially in BM (13)",atlas 'type' column; distance check,mismatch,medium,no,text only (define 'facility' as an atlas record) or a decision to deduplicate (local rebuild)
C3b,data,Two Google sites at The Dalles lie within 0.4 km of the Columbia Plateau / Eastern Cascades boundary; their ecoregion assignment depends on boundary precision,distance check,undocumented,low,no,text only (optional)
C4,aggregation,"Exactly 20 models, one member each, 109 facilities per model, case and period; same models in the heat and PUE/WUE runs (A9)",model_values_cache.csv,ok,low,no,none
C5,aggregation,"All analysis files used by figures and tables were rebuilt after the rerun (2026-10-08); facility_annual_tmax.csv predates it but holds weather only, which the rerun did not change",file timestamps; cache vs pooled agreement,ok,low,no,none
D1a,text,methodology.md does not state that equipment parameters are held at the Table B.1 midpoints (or that three were corrected on 2026-10-08),methodology.md,undocumented,medium,no,text only
D1b,text,"methodology.md does not describe the chiller COP model (a Gaussian process fit to manufacturer data, trained on Twb + approach of 15.6-29.4 C) or that it is extrapolated outside that range; see A7",methodology.md; COP_2.pkl X_train_,undocumented,medium,no,text only (+ A7 result)
D1c,text,"methodology.md does not say the uncertainty bands reflect the climate-model ensemble only, not equipment-parameter uncertainty",methodology.md Model spread,undocumented,medium,no,text only
D1d,text,"methodology.md describes exceedance days as 'above 35 C' (correct: strictly greater than) but does not give the threshold's source (ASHRAE TC9.9 class A2 upper allowable limit)",heat_indices.annual_tmax_threshold_days; methodology.md,undocumented,low,no,text only
D1e,text,Table 1 (table1.csv) is not described in methodology.md,docs/results-figures/,undocumented,low,no,text only
D2,figure,Captions match methodology.md and the scripts; the n values are atlas-record counts (see C3a),*_caption.txt,ok,low,no,none (or reword with C3a)
